{"meta":{"title":"Joker Blog","subtitle":null,"description":null,"author":"邹海浪","url":"http://yoursite.com","root":"/"},"pages":[{"title":"我是至尊宝","date":"2019-08-04T16:20:43.000Z","updated":"2019-08-04T16:22:08.883Z","comments":true,"path":"about/index.html","permalink":"http://yoursite.com/about/index.html","excerpt":"","text":"很高兴能够在这里跟大家认识"}],"posts":[{"title":"基于Docker镜像制作镜像","slug":"基于Docker镜像制作镜像","date":"2019-11-19T14:41:00.000Z","updated":"2019-11-19T14:45:03.569Z","comments":true,"path":"2019/11/19/基于Docker镜像制作镜像/","link":"","permalink":"http://yoursite.com/2019/11/19/%E5%9F%BA%E4%BA%8EDocker%E9%95%9C%E5%83%8F%E5%88%B6%E4%BD%9C%E9%95%9C%E5%83%8F/","excerpt":"","text":"新建Dockerfile文件","categories":[],"tags":[{"name":"Docker","slug":"Docker","permalink":"http://yoursite.com/tags/Docker/"}]},{"title":"JAVA函数式编程基础Lambda表达式","slug":"JAVA函数式编程基础----Lambda 表达式","date":"2019-08-05T16:58:37.000Z","updated":"2020-02-04T03:56:43.118Z","comments":true,"path":"2019/08/06/JAVA函数式编程基础----Lambda 表达式/","link":"","permalink":"http://yoursite.com/2019/08/06/JAVA%E5%87%BD%E6%95%B0%E5%BC%8F%E7%BC%96%E7%A8%8B%E5%9F%BA%E7%A1%80----Lambda%20%E8%A1%A8%E8%BE%BE%E5%BC%8F/","excerpt":"Lambda 表达式简介 Java 8 之后推出的 Lambda 表达式开启了 Java 语言支持函数式编程 (functional programming) 的新时代。 Lambda 表达式，也称为闭包，现在很多语言都支持 Lambda表达式，如 C++、 C#、Swift、Objective-C 和 JavaScript 等。为什么 Lambda 表达式这么受欢迎？这是因为 Lambda 表达式是实现支持函数式编程技术的基础。 函数式接口 Lambda 表达式实现的接口不是普通的接口，称为函数式接口，这种接口只能有一个方法。如果接口中声明多个抽象方法，那么 Lambda 表达式会发生编译错误：The target type of this expression must be a functional interface 我是华文彩云 示例代码： 1@FunctionalInterfacce2public interface Calculable &#123;3 int calculateInt(int a, int b);4&#125;","text":"Lambda 表达式简介 Java 8 之后推出的 Lambda 表达式开启了 Java 语言支持函数式编程 (functional programming) 的新时代。 Lambda 表达式，也称为闭包，现在很多语言都支持 Lambda表达式，如 C++、 C#、Swift、Objective-C 和 JavaScript 等。为什么 Lambda 表达式这么受欢迎？这是因为 Lambda 表达式是实现支持函数式编程技术的基础。 函数式接口 Lambda 表达式实现的接口不是普通的接口，称为函数式接口，这种接口只能有一个方法。如果接口中声明多个抽象方法，那么 Lambda 表达式会发生编译错误：The target type of this expression must be a functional interface 我是华文彩云 示例代码： 1@FunctionalInterfacce2public interface Calculable &#123;3 int calculateInt(int a, int b);4&#125; Lambda 表达式简化形式 作为参数使用Lambda ​ dfdf fd fd f d fd f df d f df d f d dfdf df d fd f d","categories":[],"tags":[{"name":"java","slug":"java","permalink":"http://yoursite.com/tags/java/"}]},{"title":"JAVA之高阶篇","slug":"JAVA之高阶篇","date":"2019-08-04T16:00:33.000Z","updated":"2019-08-04T16:11:33.100Z","comments":true,"path":"2019/08/05/JAVA之高阶篇/","link":"","permalink":"http://yoursite.com/2019/08/05/JAVA%E4%B9%8B%E9%AB%98%E9%98%B6%E7%AF%87/","excerpt":"","text":"","categories":[{"name":"技术","slug":"技术","permalink":"http://yoursite.com/categories/%E6%8A%80%E6%9C%AF/"}],"tags":[{"name":"java","slug":"java","permalink":"http://yoursite.com/tags/java/"}]},{"title":"JAVA之进阶篇","slug":"JAVA之进阶篇","date":"2019-08-04T16:00:12.000Z","updated":"2019-08-04T16:11:23.146Z","comments":true,"path":"2019/08/05/JAVA之进阶篇/","link":"","permalink":"http://yoursite.com/2019/08/05/JAVA%E4%B9%8B%E8%BF%9B%E9%98%B6%E7%AF%87/","excerpt":"","text":"","categories":[{"name":"技术","slug":"技术","permalink":"http://yoursite.com/categories/%E6%8A%80%E6%9C%AF/"}],"tags":[{"name":"java","slug":"java","permalink":"http://yoursite.com/tags/java/"}]},{"title":"JAVA之基础篇","slug":"JAVA之基础篇","date":"2019-08-04T15:59:55.000Z","updated":"2019-08-04T16:11:07.132Z","comments":true,"path":"2019/08/04/JAVA之基础篇/","link":"","permalink":"http://yoursite.com/2019/08/04/JAVA%E4%B9%8B%E5%9F%BA%E7%A1%80%E7%AF%87/","excerpt":"","text":"如何优雅快速的实现JAVA Hello World 1.安装JDK (Java Development Kit 包含Java Run Environment) 2.选择并使用一款编辑工具 (初学者建议使用Editplus、Notepad) 3.编写代码","categories":[{"name":"技术","slug":"技术","permalink":"http://yoursite.com/categories/%E6%8A%80%E6%9C%AF/"}],"tags":[{"name":"java","slug":"java","permalink":"http://yoursite.com/tags/java/"}]}]}